1,New Year's Day
2,Science Fiction Day
3,JRR Tolkien's B-day
4,Spaghetti Day
5,Bird Day
6,Three Kings Day
7,Bobblehead Day
8,Bubble Bath Day
9,Golden Globe Awards
10,Houseplant Appreciation Day
11,Thank You Day
12,Hot Tea Day
13,Rubber Ducky Day
14,Jason Bateman's B-day
15,Bagel Day
16,Lin-Manuel Miranda's B-day
17,Muhammad Ali's B-day
18,Winnie the Pooh Day
19,Popcorn Day
20,MLK Day
21,Hugging Day
22,Hot Sauce Day
23,Handwriting Day
24,Peanut Butter Day
25,Opposite Day
26,Peanut Brittle Day
27,Chocolate Cake Day
28,Lego Day
29,Puzzle Day
30,Croissant Day
31,Hot Chocolate Day
1,Freedom Day
2,Groundhog Day
3,Golden Retriever Day
4,Cancer Day
5,Nutella Day
6,Frozen Yogurt Day
7,Bubble Gum Day
8,Movie Day
9,Pizza Day
10,Flannel Day
11,Guitar Day
12,Darwin Day
13,Galentine's Day
14,Valentine's Day
15,Gumdrop Day
16,Almond Day
17,Michael Jordan's B-day
18,Battery Day
19,Tug of War Day
20,Muffin Day
21,Sticky Bun Day
22,Margarita Day
23,Banana Bread Day
24,Tortilla Chip Day
25,Ric Flair's B-day
26,Pistachio Day
27,Chili Day
28,Pancake Day
29,Leap Day
1,Justin Bieber's B-day
2,Dr. Seuss's B-day
3,National Anthem Day
4,Grammar Day
5,Cheese Doodle Day
6,Oreo Day
7,Cereal Day
8,Women's Day
9,Barbie Day
10,Napping Day
11,Immune System Day
12,Girl Scout Day
13,K9 Veterans Day
14,Potato Chip Day
15,Corn Dog Day
16,Panda Day
17,St. Patrick's Day
18,Adam Levine's B-day
19,Bruce Willis B-day
20,Ravioli Day
21,Poetry Day
22,Reese Witherspoon's B-day
23,Puppy Day
24,Cheesesteak Day
25,Waffle Day
26,Spinach Day
27,Whiskey Day
28,Hot Tub Day
29,Piano Day
30,Doctors' Day
31,Crayon Day